qtd_quartos,qtd_banheiros,m²,tem_piscina,valor
2,2,119,0,465000
5,4,176,1,768300
1,2,89,0,456600
2,2,75,0,375800
5,4,177,0,749500
5,2,160,1,740700
4,2,123,0,574700
5,1,164,1,692100
5,4,174,1,903700
5,4,204,1,955700
5,2,167,0,707000
3,1,92,0,427300
2,2,86,0,412500
5,2,176,0,712400
3,1,110,1,510700
3,4,135,0,578700
3,3,113,0,527700
1,1,95,0,353700
1,1,59,0,275400
1,2,83,0,339800
2,1,97,0,399400
1,1,90,0,382500
2,2,103,0,457300
4,3,129,0,550700
2,2,104,0,438400
4,4,158,1,797000
1,2,54,0,295100
4,2,139,0,616900
1,1,84,0,359800
4,1,124,0,544400
4,1,147,0,606100
2,1,98,0,389300
4,2,142,1,647100
4,2,141,0,637300
5,2,155,0,628100
2,3,103,0,467100
3,3,132,0,549000
2,2,101,0,476800
1,2,69,0,335400
1,2,76,0,364400
5,2,162,0,638800
1,2,77,1,421400
2,2,96,0,369600
5,3,174,1,829700
3,1,99,0,395700
3,4,144,0,623700
5,4,166,0,700000
4,1,112,0,462000
1,1,60,0,281500
2,2,104,0,474900
1,2,49,0,264100
4,1,147,0,543700
1,1,74,0,315500
1,2,62,0,306600
1,2,55,0,293600
3,2,126,0,492000
2,2,100,0,437400
4,3,141,0,556200
1,2,81,1,414500
3,2,101,0,439000
2,1,88,0,369200
1,1,75,0,366000
2,3,107,0,489300
5,3,200,1,847500
2,1,92,0,402500
5,1,169,1,742400
5,2,177,0,701400
5,4,209,0,865600
5,1,144,0,626700
3,1,130,0,498800
1,2,80,0,361200
2,3,91,0,407800
1,2,73,0,330900
4,3,131,0,638400
1,1,59,0,250700
3,3,103,0,482700
4,1,134,0,579600
3,4,142,0,639400
1,1,63,0,314700
2,1,52,0,310400
4,1,116,0,461600
1,1,54,0,289100
1,1,74,0,320400
3,3,128,0,541600
5,4,213,1,869500
4,2,137,0,562200
3,2,134,1,688400
2,1,76,0,371500
2,1,93,0,423300
5,4,153,1,763100
1,1,66,0,325600
5,2,161,0,650500
1,2,62,0,298800
2,3,105,0,498100
1,2,64,0,325500
5,2,137,0,580400
5,4,178,1,827300
4,3,171,0,686000
3,1,102,0,488700
2,3,73,0,364900
5,2,179,0,669300
5,3,123,0,549700
1,1,81,0,362800
3,4,156,0,670800
2,2,111,0,493100
3,3,101,0,495500
4,4,155,1,721700
5,4,174,0,799400
4,4,156,1,715400
1,2,83,0,400900
3,3,119,0,541100
3,2,126,0,547500
5,2,136,0,604800
1,1,65,0,250300
3,4,170,1,756600
2,2,82,0,406700
4,1,121,0,539700
4,3,135,0,655300
3,1,87,0,365300
5,2,157,0,662400
4,2,134,0,520300
5,2,130,0,599900
5,4,183,1,888000
2,2,117,0,462600
3,2,131,0,598000
1,1,67,0,305700
1,1,69,0,301600
5,3,172,1,768900
1,1,57,0,258700
4,4,138,0,631000
3,1,98,0,406100
5,2,145,1,700600
4,3,149,0,650100
4,3,164,0,685000
1,1,66,0,312700
1,2,74,0,365700
4,1,141,1,648900
1,2,76,0,320100
2,2,84,0,395900
5,2,163,0,621400
1,1,63,0,288500
1,1,58,0,273100
4,1,141,0,509700
4,2,138,0,568600
3,1,90,0,442900
5,3,169,0,770100
4,2,129,0,555200
4,3,167,1,804700
3,4,159,0,707900
3,4,103,0,515100
4,3,144,0,642900
5,4,151,1,708300
5,4,192,0,845500
4,4,159,0,681400
4,3,148,0,665900
1,2,81,0,370100
3,1,127,0,515800
1,2,80,0,331100
3,2,143,0,594200
1,2,83,0,396300
3,3,99,0,445600
4,4,141,0,660700
1,1,88,1,407600
5,2,170,1,708100
1,2,79,0,378600
2,2,89,0,426100
2,1,82,0,366200
4,4,168,1,733200
4,4,127,0,562800
1,1,74,0,305200
5,1,164,1,696400
3,1,112,0,471300
5,2,160,0,651400
1,1,57,0,280700
5,4,186,1,837300
5,1,171,0,620700
4,2,155,0,647900
2,2,98,0,402500
2,2,90,0,439800
3,3,123,0,554500
5,2,174,1,806400
5,1,174,0,645700
3,3,124,0,554400
2,1,75,0,365200
4,3,144,0,643300
4,4,164,0,719000
2,1,101,0,453300
4,1,134,1,583800
1,1,88,0,323100
3,2,105,0,499600
1,1,40,0,220400
4,3,139,0,649200
3,4,128,0,529200
2,2,89,0,384800
4,3,122,0,544500
2,1,83,0,373600
3,3,129,0,584200
1,2,74,0,357200
5,2,134,0,635400
1,1,54,0,265700
5,1,114,1,552100
1,2,75,0,349500
3,2,107,1,562100
3,3,115,1,591600
3,2,133,0,538800
2,3,119,0,438700
1,2,65,0,341300
3,3,130,0,538900
5,2,155,1,742200
4,2,130,0,638800
4,1,144,0,528900
4,4,155,0,655300
1,1,55,0,245900
3,2,110,0,442300
2,3,96,0,474100
2,2,94,0,431600
5,1,137,1,708900
3,4,110,0,564100
2,2,84,0,397800
3,3,138,1,656400
4,3,130,0,600400
1,2,71,0,359300
5,3,162,1,811500
1,1,83,0,351300
2,3,91,0,410800
5,2,156,0,619300
1,1,50,0,266500
4,1,118,0,517600
5,1,149,0,554000
3,3,111,0,519100
5,1,160,0,697500
3,1,100,0,411500
2,2,114,0,433800
3,3,131,0,566200
2,1,56,0,279500
4,1,116,0,485800
5,3,172,1,754200
3,2,101,0,480000
4,2,156,0,640000
1,2,75,0,314300
2,1,98,0,413000
1,1,47,0,261400
1,1,77,0,310200
2,3,90,0,489900
4,4,140,1,723300
2,3,89,0,472200
1,1,59,0,294600
1,1,34,0,226100
1,1,61,0,306500
2,2,113,0,424000
5,2,158,1,709600
3,1,115,1,552200
2,1,95,0,433100
2,2,89,0,392000
4,3,127,0,577000
2,1,80,0,412100
4,3,149,1,693600
1,2,85,0,391800
3,4,126,1,602100
5,3,183,1,876100
5,4,200,1,887800
5,3,166,0,730000
3,2,129,0,489200
1,2,55,0,261500
1,2,104,1,513000
3,2,138,0,542900
1,2,48,0,271700
3,4,147,0,676800
1,1,64,0,255800
2,3,84,0,437400
2,2,122,0,517700
1,2,70,0,361400
4,4,150,0,662300
5,4,212,1,971400
3,4,156,0,648800
3,1,108,0,492700
2,3,113,0,522800
1,2,59,0,298000
5,2,165,0,725700
2,2,87,1,461800
2,2,79,0,362300
2,2,88,0,451300
3,4,135,0,648800
2,1,79,0,344700
2,1,79,0,354200
5,4,195,1,850700
3,3,108,0,524000
1,1,66,0,297000
4,4,146,0,661900
4,2,146,1,746200
1,1,58,0,265800
5,4,195,1,906900
2,3,110,0,487500
1,2,61,0,313900
2,2,115,0,463600
4,3,177,0,698700
4,2,128,0,566400
2,1,78,0,349600
1,1,58,0,268100
5,4,191,0,764700
3,1,103,0,479400
4,3,143,0,634400
4,4,161,0,690500
2,2,95,0,481400
5,2,173,0,657400
5,4,152,1,810200
4,2,154,0,684200
2,1,66,0,320600
1,2,93,0,423300
3,3,144,0,632900
4,1,107,1,533300
5,2,180,0,743400
1,1,97,0,375500
5,2,187,0,748100
2,1,49,0,257700
1,2,40,0,265400
5,2,167,0,654700
3,1,90,0,435900
2,2,79,0,379600
3,4,142,0,627600
1,2,63,0,311700
5,1,149,1,651800
4,2,131,1,613800
2,2,101,0,470200
5,2,143,0,635300
3,3,118,0,551200
4,2,140,0,632200
2,1,103,0,463700
1,1,83,0,385400
4,3,154,0,649400
5,2,172,1,716900
3,3,133,0,520600
3,1,111,1,484500
1,2,46,0,278100
3,2,131,0,602900
3,3,134,0,647000
1,1,46,0,240900
1,1,63,0,304100
4,2,137,1,712200
1,1,62,0,299500
2,3,102,0,430400
1,2,74,0,374000
4,2,117,0,522100
1,1,83,0,380300
3,3,140,0,585500
3,4,151,0,690100
3,1,130,0,535000
4,4,162,0,674600
2,3,68,0,398700
5,4,173,0,811900
1,2,88,0,357700
4,1,134,0,505600
4,4,174,0,698600
5,2,141,1,700700
5,2,172,1,715200
3,4,123,0,582300
2,3,95,0,492500
1,1,62,0,282800
2,3,86,0,444100
3,2,112,0,467100
2,3,112,0,550800
5,1,162,0,628700
5,4,175,0,803300
5,2,162,0,635700
3,1,97,1,506700
4,1,96,1,554500
2,1,53,0,285700
2,1,105,0,440400
2,2,106,0,486100
3,1,110,0,475600
1,2,54,0,314300
3,3,152,0,598300
2,3,97,0,509800
5,4,179,0,689100
1,1,52,0,239800
3,3,122,0,534300
5,3,173,0,689500
4,4,147,0,675100
4,1,117,0,585000
4,1,147,0,644500
1,1,75,0,335700
1,2,73,0,346800
5,4,178,1,818900
1,2,61,1,359100
3,2,121,0,531700
2,3,99,0,431800
2,1,57,0,306800
3,3,96,0,474700
1,1,30,0,191300
3,1,106,0,457500
3,2,90,0,469600
4,1,128,1,635500
4,4,175,1,736500
3,2,89,0,423800
3,4,140,0,516700
4,2,137,0,624500
5,4,195,0,800000
3,1,116,0,480700
3,4,146,1,727400
5,2,152,0,668000
1,1,59,0,263500
4,2,126,0,576400
4,4,151,0,662400
1,1,77,0,335800
1,1,74,1,393400
2,2,78,0,350900
2,2,92,0,424900
4,2,140,1,659400
2,2,89,0,421600
2,3,70,0,385500
3,2,102,0,486800
4,3,135,1,630100
2,1,80,0,387600
4,2,145,0,635700
5,4,190,1,816700
3,1,114,1,572500
2,3,110,1,583200
4,4,161,0,740500
4,2,151,0,606000
4,2,139,0,547300
3,1,110,0,467400
2,2,118,0,513400
5,2,124,0,566200
1,1,74,0,346900
1,2,72,0,335300
3,4,133,1,675200
2,1,85,0,349200
5,3,185,0,753400
4,3,149,0,597100
3,2,105,0,532700
2,1,78,0,368600
2,2,110,0,466100
5,1,156,0,605900
4,3,127,0,591500
3,1,73,0,368500
1,1,37,0,197800
1,1,64,0,290100
1,1,48,0,237500
5,4,186,1,836000
1,2,58,0,269400
5,1,161,1,736200
1,2,40,0,252600
4,4,175,0,691000
2,1,82,0,350200
3,3,119,0,555400
5,2,160,0,667100
4,2,152,0,656300
1,2,44,0,234600
2,3,86,0,407800
5,2,180,0,713900
4,2,132,1,655100
4,4,183,1,780500
1,1,67,0,319700
5,3,162,0,666000
1,1,54,0,267400
1,2,80,0,342500
4,3,170,0,659700
3,4,146,0,546000
2,2,107,0,468200
1,1,95,0,377900
2,3,104,0,487400
5,2,169,0,725700
4,1,119,0,522500
4,3,138,0,663500
3,1,110,0,466500
4,4,140,0,623400
4,2,130,0,564500
1,2,85,0,349200
5,3,173,0,814400
3,3,112,0,528900
5,1,164,1,742300
5,3,174,0,765500
3,4,145,1,655200
1,1,56,0,278100
3,2,148,0,603400
2,3,114,0,472600
2,2,92,0,411200
5,3,178,1,724600
5,1,175,0,689100
5,3,171,0,744600
2,3,97,0,473500
2,3,113,0,519600
2,2,93,0,443700
4,4,133,0,626200
5,3,165,0,647900
3,3,132,0,523600
3,4,125,0,534600
4,4,157,1,799600
5,3,185,0,719700
5,4,182,0,817000
4,3,149,0,664900
2,2,104,0,423600
2,3,119,1,576100
1,2,68,0,329300
5,4,156,0,717700
5,1,139,0,598100
4,3,150,0,610900
4,2,123,1,649100
5,1,179,0,755800
5,1,128,1,623100
3,1,109,0,456400
1,1,91,0,407100
2,2,97,0,440300
2,1,77,0,322600
4,3,135,0,608500
4,3,147,0,660400
1,2,65,0,328800
1,1,50,0,278200
3,3,105,0,487500
5,2,172,0,686000
3,1,102,0,455300
3,1,108,1,546500
1,1,58,0,293900
4,2,160,0,614400
4,1,114,0,493700
3,4,120,0,563000
2,2,85,0,407000
3,4,137,1,653600
2,3,92,1,427800
5,4,154,0,695400
2,2,87,0,387400
1,2,62,0,353100
3,1,121,0,481300
5,2,171,0,745600
2,2,144,0,579700
3,1,86,0,412100
3,4,172,0,665100
4,2,120,0,537000
3,3,116,0,507000
2,2,88,0,404900
3,4,107,0,532500
4,4,149,1,724900
4,3,143,0,616100
1,1,59,0,280200
2,2,110,0,430100
5,4,183,0,755400
4,2,138,0,622800
4,2,143,0,580900
1,2,77,0,320400
5,4,164,0,678600
4,4,172,0,671200
3,1,112,1,571200
4,1,121,0,504200
4,3,130,0,532400
1,2,37,0,246300
1,2,94,0,395700
2,1,84,0,396600
5,2,182,0,710100
5,4,183,1,843600
4,1,114,0,463300
5,2,175,1,767300
1,1,57,0,250200
4,1,125,1,578200
5,1,162,0,671400
1,2,90,0,362600
1,2,103,0,439300
3,3,140,0,598600
3,3,118,0,567100
2,2,100,0,417600
1,1,58,0,276300
3,4,152,0,596800
1,2,66,0,330700
1,2,76,0,347200
2,1,100,0,456700
1,1,57,0,241300
4,3,152,0,638200
1,2,79,0,324000
3,3,137,1,624700
1,2,84,0,395900
4,1,159,1,694500
5,1,147,1,594800
5,1,167,0,651600
1,1,82,0,345700
4,4,144,0,665900
4,4,128,0,597100
3,2,97,0,416300
4,4,168,1,730900
5,4,193,0,737200
3,3,110,0,518000
3,4,135,0,628200
4,2,161,0,593100
4,3,150,0,696400
3,2,99,0,459900
1,1,62,0,290000
5,1,157,1,736900
5,4,178,1,816500
3,4,156,0,609900
1,2,75,0,340500
1,2,59,0,299400
2,2,75,0,332900
2,3,89,0,436900
3,3,150,1,714600
2,1,115,0,467400
3,3,157,1,682600
2,2,90,0,430300
4,4,148,0,673800
4,4,154,0,727400
1,1,45,0,252700
3,2,140,0,544300
4,1,141,0,555800
3,4,135,0,567600
5,1,165,1,741000
2,3,108,0,513900
2,3,112,0,507900
4,4,181,1,807600
4,2,144,0,642200
2,2,84,0,453000
3,4,149,0,730900
2,3,105,0,527400
5,1,163,0,626600
1,1,90,0,366000
3,1,101,0,398400
4,3,157,0,691000
3,1,114,0,504500
4,4,131,0,636000
1,1,45,0,258100
5,4,168,1,781500
3,1,116,0,483600
3,2,113,0,553000
3,1,105,0,478000
1,2,79,0,386700
2,2,107,0,477700
5,3,161,0,689100
5,3,163,0,623500
5,1,163,1,730400
3,3,128,0,550000
5,4,198,1,840300
1,2,62,0,328800
1,2,51,0,252500
5,1,151,0,558800
5,4,178,1,786800
1,2,91,0,411200
1,1,68,0,323900
1,1,59,0,298300
3,3,127,1,614500
1,1,72,0,335600
1,1,76,0,335200
3,2,108,0,514200
3,3,143,1,616700
2,2,90,0,393200
2,2,92,0,366700
1,2,69,0,335800
1,2,78,0,334300
4,2,114,0,489300
2,3,88,0,410600
2,3,105,0,485800
1,1,51,0,286300
4,4,180,0,679000
4,4,152,0,706300
1,2,51,0,273500
2,3,87,0,376400
4,4,126,0,641900
2,1,47,0,258700
5,1,151,0,653400
4,1,140,0,562200
5,3,170,1,765800
1,2,30,0,204500
4,2,124,1,619000
2,1,96,0,403000
5,2,161,0,661400
5,3,168,0,604600
4,3,161,0,717900
3,2,134,0,596900
4,2,142,0,596700
2,1,95,0,415500
2,2,79,0,401800
1,2,59,0,311900
1,1,81,0,332600
1,2,97,0,408600
2,3,120,0,578000
3,2,124,0,514300
3,4,128,0,474100
3,3,108,0,490300
3,4,129,0,582700
3,4,114,0,538400
1,2,63,0,301100
1,1,57,0,268900
4,4,154,1,743800
5,3,159,1,743700
2,2,63,0,337700
2,1,110,1,521600
2,2,125,0,506400
3,3,105,0,492700
4,3,152,0,627200
3,4,152,0,655300
5,1,179,1,659800
5,3,157,0,596500
1,2,60,0,316800
5,1,153,0,701800
5,3,135,0,608000
1,1,75,0,333100
5,2,166,0,725900
5,3,202,0,820800
5,3,161,0,705500
5,3,156,0,711400
2,3,111,1,530700
1,1,70,0,298400
1,1,71,0,311100
3,1,92,0,389600
4,4,166,0,647000
2,1,72,0,336200
2,1,89,0,408200
3,4,117,0,519900
4,2,117,0,492200
5,4,206,0,771800
3,3,121,0,522400
3,4,120,0,567800
3,3,129,0,527300
5,4,167,0,693100
3,1,93,1,505600
4,4,190,1,861300
4,2,164,1,678400
5,4,170,0,751900
3,4,124,0,568400
1,2,35,0,221500
1,1,30,0,186800
2,1,91,0,437400
4,4,164,1,790000
2,3,114,0,518900
3,3,123,0,529400
2,1,103,0,407600
1,1,87,0,403300
4,1,137,0,545500
4,4,135,0,628000
1,1,61,0,287200
4,4,155,1,772900
4,1,125,0,552800
2,1,85,0,422100
3,3,135,0,569400
1,1,70,0,317100
5,1,146,0,658000
4,4,136,1,678000
1,1,46,0,260200
3,2,132,0,520300
5,3,166,0,767200
5,4,188,0,790400
4,2,149,1,689100
5,2,138,0,654000
3,4,118,0,521900
4,3,164,0,760700
1,2,92,0,416700
5,1,136,1,675200
5,1,120,0,508700
5,1,169,0,672600
5,2,163,0,707000
2,2,79,0,327000
5,3,136,0,609800
2,2,133,1,591600
1,1,64,0,314500
3,1,127,0,485900
1,2,59,0,303300
5,4,172,1,794900
4,1,130,0,553500
5,2,149,0,682000
2,2,124,1,576700
1,1,55,0,302800
2,3,107,1,539500
5,3,163,1,763900
2,3,101,0,481000
2,1,93,0,425200
2,3,102,0,465000
5,4,187,0,721400
4,4,169,1,768000
3,2,94,0,472600
2,2,114,0,501300
2,1,88,0,381700
4,3,126,0,554000
5,1,141,1,608200
1,1,71,0,299400
2,3,91,0,482800
1,2,70,0,338200
3,3,129,0,590700
4,2,150,1,661500
3,1,103,0,434300
3,2,136,0,530800
3,1,88,0,419500
3,1,117,0,514300
4,1,108,0,492500
5,3,174,0,707300
5,4,157,0,716900
2,1,75,0,338000
5,3,174,0,727900
4,4,184,0,772400
1,2,73,0,370100
5,4,184,1,798400
5,1,157,1,619900
2,1,94,0,379500
2,3,111,0,537800
5,1,164,0,638100
2,1,105,0,490800
4,4,138,0,689600
3,1,142,0,542100
4,3,155,0,623300
4,2,123,1,589400
4,4,164,1,676500
4,3,139,0,557700
2,3,108,0,543900
2,2,114,0,522600
5,2,169,1,764200
4,2,142,0,611800
